Nombre,Precio,Envio
Nike mens NSW Brand Mark Tee,24.0, 12 de dic
Nike Paquete de 3 calzoncillos,41.0, 12 de dic
Nike Dri-FIT Victory - Polo de,59.0, 12 de dic
Lucky Brand Pantalones deporti,36.0, 12 de dic
Nike Air Force 1 '07 - Zapatos,106.0, 10 de dic
Nike mens Luxe Modal Boxer Bri,35.0, 10 de dic
Nike DM0825-101 DM0825-101 Uni,87.0, 12 de dic
Nike Diadema de punto para muj,23.0, 14 de dic
"Nike Tenis para mujer, Blanco/",71.0, 10 de dic
NIKE Zapatillas de baloncesto ,101.0, 12 de dic
Nike Premier Home and Away - P,17.0, 15 de dic
Nike - Pantalón corto de balon,44.0, 12 de dic
Nike unisex-adult Legacy 91 Ca,29.0, 12 de dic
Nike Dri-FIT ADV AeroSwift Tot,57.0, 14 de dic
Nike Zapatillas de running par,86.0, 12 de dic
"Nike Hombre Sport, Negro/Blanc",47.0, 12 de dic
Nike Zapatillas Retro Hombre G,59.0, 12 de dic
Nike Zapatos de correr Race pa,49.0, 12 de dic
Nike womens Sneaker,86.0, 10 de dic
Nike Air Jordan Dri-FIT - Pant,39.0, 12 de dic
NIKE Tenis para hombre,63.0, 12 de dic
Nike Everyday Cushion - Calcet,36.0, 15 de dic
Nike Calcetines de alto rendim,34.0, 15 de dic
Lucky Brand Pantalones de pija,32.0, 12 de dic
Nike womens Heritage 86 Futura,30.0, 12 de dic
Nike Air Force 1 '07 - Tenis d,147.0, 12 de dic
Nike Dri-FIT Knit Hybrid - Pan,24.0, 12 de dic
Nike Paquete de 6 calcetines d,42.0, 10 de dic
Nike Tenis Legend Essential 2 ,40.0, 10 de dic
Nike [S/M Adulto Unisex Dri-FI,138.0, 10 de dic
"Nike hombre moderno, Plata cla",138.0, 10 de dic
Nike béisbol,36.0, 10 de dic
Nike - Camiseta Legend de mang,36.0, 10 de dic
Nike AeroBill - Gorra unisex l,29.0, 12 de dic
Nike Sportswear Heritage86 Fut,52.0, 15 de dic
Nike Unisex Sportswear Heritag,24.0, 12 de dic
Nike 826433-010 Sudadera con c,75.0, 12 de dic
Nike Polo Fútbol Royal | Negro,39.0, 12 de dic
"Nike Chanclas para mujer, muje",64.0, 15 de dic
Nike Nike Everyday Cushion Cre,64.0, 15 de dic
Nike Men's Hoodie,64.0, 15 de dic
Nike mens Air Force 1 Low '07 ,140.0, 15 de dic
Nike unisex-adult Dri-Fit Mois,108.0, 12 de dic
NIKE Zapatillas de baloncesto ,108.0, 12 de dic
Nike Pro 365 - Shorts de 3 pul,101.0, 12 de dic
Nike mens Dri-Fit Swoosh Train,101.0, 12 de dic
Nike Zapatillas de running par,101.0, 12 de dic
Nike womens Blazer Mid 77,105.0, 10 de dic
NIKE Blazer Low '77 Vintage Ho,64.0, 10 de dic
Nike Calcetines acolchados Dri,25.0, 12 de dic
Nike Pantalones cortos de runn,25.0, 12 de dic
Nike - Camiseta tipo polo de m,43.0, 10 de dic
Nike Paquete de 3 calcetines e,34.0, 10 de dic
Nike - Camiseta Dry para hombr,41.0, 12 de dic
USA Military American Flag Bla,25.0, 12 de dic
Nike Golf Dri-FIT - Mangas sol,34.0, 12 de dic
NIKE Everyday Plus SX6889-064 ,24.0, 12 de dic
"NIKE Pulseras Dri-Fit Stealth,",24.0, 12 de dic
Regalos para el día de la madr,79.0, 11 de dic
Collares con iniciales para mu,79.0, 10 de dic
"PAITAIN Joyas para mujer, coll",79.0, 11 de dic
Lugz mens Flip,44.0, 11 de dic
Nike Everyday - Calcetines de ,26.0, 15 de dic
NIKE Zapatos deportivos para h,189.0, 10 de dic
Nike mens Legent Essential 2 T,39.0, 12 de dic
Nike Zapatillas de correr Free,92.0, 11 de dic
Nike Unisex niño juvenil Nike ,132.0, 11 de dic
Nike Zapatos de baloncesto Air,132.0, 11 de dic
Nike Hombre Lunar MVP Pregame,127.0, 20 de dic
Nike Zapatillas de running par,114.0, 20 de dic
Nike - Tenis Court Legacy para,45.0, 20 de dic
Nike Tenis Legend Essential 2 ,45.0, 20 de dic
Nike mens Vapor Edge Pro 360 2,112.0, 20 de dic
Nike Jordan Jumpman Dri-Fit Cr,37.0, 20 de dic
Qxhruog Conjunto de sudadera c,56.0, 19 de dic
Nike mens Waffle One,107.0, 19 de dic
Nike mens Air Max Flyknit Race,90.0, 20 de dic
"Nike Tenis para hombre, Negro/",105.0, 20 de dic
Lucky Brand Pantalones deporti,20.0, 20 de dic
Nike mens Sportswear Club T Sh,21.0, 20 de dic
Nike mens Dry-Fit Training Sho,33.0, 20 de dic
Nike Gorra de golf Legacy 91,35.0, 19 de dic
The Grip Sock Calcetines de fú,22.0, 19 de dic
Nike Sandalia Icon Classic par,50.0, 20 de dic
Nike mens Quest 4 Running,60.0, 21 de dic
"Nike Gorra de golf estándar, b",42.0, 21 de dic
Nike Pro - Pantalones cortos d,42.0, 21 de dic
Nike Air Force 1 '07 - Zapatos,107.0, 21 de dic
Nike - Zapatos deportivos de c,159.0, 20 de dic
Nike mens Sportswear Club Flee,47.0, 20 de dic
Nike Sombrero de pescador de g,37.0, 19 de dic
YEOREO - Shorts de ciclismo pa,23.0, 19 de dic
Nike Pantalones cortos de comp,24.0, 20 de dic
NIKE Zapatos de correr Stroke ,85.0, 20 de dic
Nike Women's Escape Run Street,79.0, 20 de dic
Nike Pantalones cortos de fluj,36.0, 20 de dic
Nike mens Air Force 1 Low Retr,99.0, 20 de dic
Nike mens Quest 4 Platform,65.0, 20 de dic
Nike Zapatillas de correr de c,87.0, 20 de dic
Nike Blazer para hombre Mid'77,175.0, 20 de dic
"Nike Zapatillas para hombre, n",110.0, 20 de dic
Nike womens NSW Just Do It Ess,48.0, 20 de dic
"Nike Zapatos de baloncesto, Bl",98.0, 20 de dic
Nike Dri-Fit Legend Camiseta d,25.0, 20 de dic
Nike - Zapatos de entrenamient,66.0, 20 de dic
Nike - Pantalones deportivos p,74.0, 20 de dic
Nike Zapatillas de gimnasia pa,41.0, 20 de dic
"Sudadera Champion con capucha,",41.0, 20 de dic
Nike Vapor Edge Pro 360 - Boti,189.0, 21 de dic
Nike mens Free Run 2018 Runnin,106.0, 21 de dic
NIKE Zapatos deportivos para h,175.0, 20 de dic
NIKE Everyday Performance - Me,34.0, 19 de dic
Nike mens NSW Club Open Hem Pa,50.0, 19 de dic
NIKE Calcetines de rendimiento,32.0, 19 de dic
NIKE Zapatillas de running WMN,77.0, 20 de dic
Nike Air Force 1 '07 - Zapatos,115.0, 23 de dic
Nike Air Jordan 1 Mid SE Fligh,102.0, 23 de dic
Nike Zapatos de baloncesto par,102.0, 23 de dic
NACHILA Conjunto de pijama de ,49.0, 19 de dic
Latuza Pantalones de pijama de,34.0, 20 de dic
GYS Pantalones de pijama de ba,39.0, 20 de dic
Latuza Pantalones de pijama de,37.0, 20 de dic
Nike - Zapatos de básquetbol p,133.0, 20 de dic
Nike Sportswear Solo Swoosh - ,84.0, 20 de dic
Conjunto de gorro de punto de ,30.0, 19 de dic
Nike Camiseta estampada Swoosh,21.0, 20 de dic
Nike - Zapatos de entrenamient,60.0, 20 de dic
Nike Estilo de maletero para h,37.0, 20 de dic
Nike Women's Air Vapormax Plus,162.0, 12 de dic
NIKE Zapatos deportivos para h,186.0, 11 de dic
COOFANDY Chándal para hombre c,50.0, 11 de dic
Medias Nike de algod&oacute;n ,39.0, 11 de dic
Nike unisex-adult Everyday Plu,34.0,- 3 de ene
Nike Sudadera con capucha Barc,31.0,- 3 de ene
Nike Men's Park Short Sleeve T,27.0, 11 de dic
Nike Dri-FIT Stride - Pantalon,36.0, 11 de dic
Nike - Zapatos de baloncesto p,253.0, 13 de dic
Nike mens Shorts Sleeve Hydrog,31.0, 14 de dic
Nike Botas City Classic para m,91.0, 11 de dic
Nike - Sudadera con capucha Sp,44.0, 11 de dic
Coach Women's Signature C Logo,65.0, 11 de dic
NIKE Zapatillas de running Tan,89.0, 12 de dic
Nike Hombres Straight,36.0, 13 de dic
Nike mens Waffle Debut,63.0, 11 de dic
Nike Paquete de 6 calcetines d,62.0, 11 de dic
Nike - Zapatos de entrenamient,62.0, 11 de dic
Nike Zapatos de gimnasia para ,61.0, 12 de dic
Nike Air Force 1 '07 - Zapatos,129.0, 18 de dic
Nike Zapatillas de running Rac,109.0, 12 de dic
Nike Dry 10K Pantalones cortos,16.0, 13 de dic
Nike Zapatillas de running par,139.0, 13 de dic
Nike - Zapatos deportivos de g,180.0, 12 de dic
OQQ Pantalones de yoga para mu,37.0, 11 de dic
Calvin Klein Calcetines deport,21.0, 11 de dic
Nike Tenis de baloncesto Lebro,150.0, 13 de dic
Nike - Tenis de baloncesto par,110.0, 12 de dic
Nike Zapatillas de running par,120.0, 12 de dic
Nike Zapatos de correr Downshi,77.0, 12 de dic
Nike - Camiseta Legend de mang,39.0, 11 de dic
Nike Dri-FIT Rise 365 - Camise,57.0, 12 de dic
Nike - Zapatos deportivos unis,110.0, 11 de dic
"Nike Air Force 1 '07 LV8 ""Cert",120.0, 11 de dic
Nike mens Free Run 2018,129.0, 12 de dic
Nike - Tenis de golf para homb,129.0, 12 de dic
Nike Air Monarch Iv Cross - En,79.0, 12 de dic
Nike unisex-adult Dri-Fit Cap,34.0, 12 de dic
Lucky Brand Pantalones de pija,39.0, 12 de dic
Nike Zapatos de gimnasia para ,25.0, 12 de dic
Nike NSW Club Crew para hombre,49.0, 12 de dic
Nike React Phantom Run Fk 2 - ,51.0, 12 de dic
Nike mens Blazer Mid 77,104.0, 11 de dic
Nike Air Force 1 '07 - Zapatos,115.0, 12 de dic
Nike Dri-FIT Icon - Pantalones,27.0, 12 de dic
Nike Everyday Plus - Calcetine,27.0, 12 de dic
Nike Dri Fit UV AOP Summer OLC,54.0, 12 de dic
Nike mens Air Force 1 '07 Lv8 ,110.0, 14 de dic
Nike Zapatos de correr Race pa,119.0, 12 de dic
Nike - Camiseta Dry para hombr,41.0, 13 de dic
DAVID ARCHY Pantalones cortos ,36.0, 13 de dic
DAVID ARCHY - Pijama de manga ,46.0, 13 de dic
COLORFULLEAF Pantalones deport,28.0, 13 de dic
DAVID ARCHY Calzoncillos tipo ,54.0, 13 de dic
Nike Air Monarch Iv Cross - En,75.0, 13 de dic
Nike Everyday Plus - Calcetine,26.0, 19 de dic
Nike - Zapatos de básquetbol p,205.0, 19 de dic
Nike Zapatillas Hombre Air For,189.0, 22 de dic
Nike mens NSW Club Joggers,36.0, 18 de dic
Nike Victory - Capris de entre,36.0, 18 de dic
V VALANCH Polo de golf de mang,15.0, 13 de dic
Lugz Men's Lear Classic Fashio,39.0, 13 de dic
WiWi Pantalones de pijama de p,35.0, 13 de dic
Comfneat Calzoncillos tipo bóx,25.0, 13 de dic
Nike Pantalones cortos de balo,39.0, 13 de dic
"Nike hombre moderno, Blanco/Gr",111.0, 15 de dic
Real Essentials Paquete de 3: ,39.0, 13 de dic
Nike Sportswear Club Pantalón ,55.0, 15 de dic
Nike Alpha Menace 3 Shark Whit,99.0, 13 de dic
Nike Calzoncillos tipo bóxer D,16.0, 13 de dic
Nike mens Reax 8 Tr,125.0, 11 de dic
Nike womens Blazer 77 Mid,73.0, 12 de dic
